{
  "dataset_revision": "3bb1a05c66872889662af04c5691c14489cebd72",
  "mteb_dataset_name": "LegalSummarization",
  "mteb_version": "1.8.1",
  "test": {
    "evaluation_time": 294.61,
    "map_at_1": 0.51297,
    "map_at_10": 0.62652,
    "map_at_100": 0.64034,
    "map_at_1000": 0.6406,
    "map_at_20": 0.63612,
    "map_at_3": 0.58373,
    "map_at_5": 0.60804,
    "mrr_at_1": 0.58451,
    "mrr_at_10": 0.67445,
    "mrr_at_100": 0.67935,
    "mrr_at_1000": 0.67946,
    "mrr_at_20": 0.6782,
    "mrr_at_3": 0.64906,
    "mrr_at_5": 0.66403,
    "ndcg_at_1": 0.58451,
    "ndcg_at_10": 0.68852,
    "ndcg_at_100": 0.72969,
    "ndcg_at_1000": 0.73334,
    "ndcg_at_20": 0.71144,
    "ndcg_at_3": 0.62548,
    "ndcg_at_5": 0.6581,
    "precision_at_1": 0.58451,
    "precision_at_10": 0.11444,
    "precision_at_100": 0.01504,
    "precision_at_1000": 0.00155,
    "precision_at_20": 0.06602,
    "precision_at_3": 0.27113,
    "precision_at_5": 0.19225,
    "recall_at_1": 0.51297,
    "recall_at_10": 0.82219,
    "recall_at_100": 0.97627,
    "recall_at_1000": 1.0,
    "recall_at_20": 0.89551,
    "recall_at_3": 0.65168,
    "recall_at_5": 0.73552
  }
}