{
  "dataset_revision": "b23590301ec94e8087e2850b21d43d4956b1cca9",
  "mteb_dataset_name": "LegalBenchConsumerContractsQA",
  "mteb_version": "1.8.1",
  "test": {
    "evaluation_time": 180.44,
    "map_at_1": 0.61364,
    "map_at_10": 0.73769,
    "map_at_100": 0.74018,
    "map_at_1000": 0.74018,
    "map_at_20": 0.73937,
    "map_at_3": 0.71801,
    "map_at_5": 0.73051,
    "mrr_at_1": 0.61364,
    "mrr_at_10": 0.73766,
    "mrr_at_100": 0.74015,
    "mrr_at_1000": 0.74015,
    "mrr_at_20": 0.73933,
    "mrr_at_3": 0.71801,
    "mrr_at_5": 0.73051,
    "ndcg_at_1": 0.61364,
    "ndcg_at_10": 0.79062,
    "ndcg_at_100": 0.80149,
    "ndcg_at_1000": 0.80149,
    "ndcg_at_20": 0.79648,
    "ndcg_at_3": 0.75216,
    "ndcg_at_5": 0.77434,
    "precision_at_1": 0.61364,
    "precision_at_10": 0.0952,
    "precision_at_100": 0.01,
    "precision_at_1000": 0.001,
    "precision_at_20": 0.04874,
    "precision_at_3": 0.28367,
    "precision_at_5": 0.18081,
    "recall_at_1": 0.61364,
    "recall_at_10": 0.95202,
    "recall_at_100": 1.0,
    "recall_at_1000": 1.0,
    "recall_at_20": 0.97475,
    "recall_at_3": 0.85101,
    "recall_at_5": 0.90404
  }
}