{
  "dataset_revision": "f69691c650464e62546d7f2a4536f8f87c891e38",
  "mteb_dataset_name": "LegalBenchCorporateLobbying",
  "mteb_version": "1.8.1",
  "test": {
    "evaluation_time": 311.46,
    "map_at_1": 0.85588,
    "map_at_10": 0.91189,
    "map_at_100": 0.91238,
    "map_at_1000": 0.91242,
    "map_at_20": 0.91238,
    "map_at_3": 0.90784,
    "map_at_5": 0.90975,
    "mrr_at_1": 0.85588,
    "mrr_at_10": 0.91189,
    "mrr_at_100": 0.91238,
    "mrr_at_1000": 0.91242,
    "mrr_at_20": 0.91238,
    "mrr_at_3": 0.90784,
    "mrr_at_5": 0.90975,
    "ndcg_at_1": 0.85588,
    "ndcg_at_10": 0.93108,
    "ndcg_at_100": 0.93267,
    "ndcg_at_1000": 0.93347,
    "ndcg_at_20": 0.93267,
    "ndcg_at_3": 0.92262,
    "ndcg_at_5": 0.92616,
    "precision_at_1": 0.85588,
    "precision_at_10": 0.09882,
    "precision_at_100": 0.00994,
    "precision_at_1000": 0.001,
    "precision_at_20": 0.04971,
    "precision_at_3": 0.32157,
    "precision_at_5": 0.19471,
    "recall_at_1": 0.85588,
    "recall_at_10": 0.98824,
    "recall_at_100": 0.99412,
    "recall_at_1000": 1.0,
    "recall_at_20": 0.99412,
    "recall_at_3": 0.96471,
    "recall_at_5": 0.97353
  }
}