{
  "dataset_revision": "69e8f12da6e31d59addadda9a9c8a2e601a0e282",
  "mteb_dataset_name": "Tatoeba_por-eng",
  "mteb_version": "1.8.1",
  "test": {
    "evaluation_time": 588.23,
    "por-eng": {
      "accuracy": 0.948,
      "f1": 0.9347333333333333,
      "main_score": 0.9347333333333333,
      "precision": 0.92825,
      "recall": 0.948
    }
  }
}