{
  "dataset_revision": "69e8f12da6e31d59addadda9a9c8a2e601a0e282",
  "mteb_dataset_name": "Tatoeba_spa-eng",
  "mteb_version": "1.8.1",
  "test": {
    "evaluation_time": 598.42,
    "spa-eng": {
      "accuracy": 0.977,
      "f1": 0.9696666666666668,
      "main_score": 0.9696666666666668,
      "precision": 0.9661666666666666,
      "recall": 0.977
    }
  }
}