{
  "dataset_revision": "69e8f12da6e31d59addadda9a9c8a2e601a0e282",
  "mteb_dataset_name": "Tatoeba_fra-eng",
  "mteb_version": "1.8.1",
  "test": {
    "evaluation_time": 623.0,
    "fra-eng": {
      "accuracy": 0.949,
      "f1": 0.9372222222222222,
      "main_score": 0.9372222222222222,
      "precision": 0.9317916666666668,
      "recall": 0.949
    }
  }
}