{
  "dataset_revision": "69e8f12da6e31d59addadda9a9c8a2e601a0e282",
  "mteb_dataset_name": "Tatoeba_swe-eng",
  "mteb_version": "1.8.1",
  "test": {
    "evaluation_time": 589.17,
    "swe-eng": {
      "accuracy": 0.935,
      "f1": 0.9194555555555555,
      "main_score": 0.9194555555555555,
      "precision": 0.9125416666666667,
      "recall": 0.935
    }
  }
}