{
  "dataset_revision": "69e8f12da6e31d59addadda9a9c8a2e601a0e282",
  "mteb_dataset_name": "Tatoeba_nno-eng",
  "mteb_version": "1.8.1",
  "test": {
    "evaluation_time": 637.13,
    "nno-eng": {
      "accuracy": 0.886,
      "f1": 0.8626588235294118,
      "main_score": 0.8626588235294118,
      "precision": 0.8523636363636362,
      "recall": 0.886
    }
  }
}