{
  "dataset_revision": "69e8f12da6e31d59addadda9a9c8a2e601a0e282",
  "mteb_dataset_name": "Tatoeba_pol-eng",
  "mteb_version": "1.8.1",
  "test": {
    "evaluation_time": 622.72,
    "pol-eng": {
      "accuracy": 0.961,
      "f1": 0.9493333333333333,
      "main_score": 0.9493333333333333,
      "precision": 0.9436666666666668,
      "recall": 0.961
    }
  }
}