{
  "dataset_revision": "b23590301ec94e8087e2850b21d43d4956b1cca9",
  "mteb_dataset_name": "LegalBenchConsumerContractsQA",
  "mteb_version": "1.8.1",
  "test": {
    "evaluation_time": 286.66,
    "map_at_1": 0.63889,
    "map_at_10": 0.74428,
    "map_at_100": 0.74745,
    "map_at_1000": 0.74745,
    "map_at_20": 0.74703,
    "map_at_3": 0.72433,
    "map_at_5": 0.73607,
    "mrr_at_1": 0.63889,
    "mrr_at_10": 0.74428,
    "mrr_at_100": 0.74745,
    "mrr_at_1000": 0.74745,
    "mrr_at_20": 0.74703,
    "mrr_at_3": 0.72433,
    "mrr_at_5": 0.73607,
    "ndcg_at_1": 0.63889,
    "ndcg_at_10": 0.79373,
    "ndcg_at_100": 0.80635,
    "ndcg_at_1000": 0.80635,
    "ndcg_at_20": 0.80348,
    "ndcg_at_3": 0.75351,
    "ndcg_at_5": 0.77449,
    "precision_at_1": 0.63889,
    "precision_at_10": 0.0947,
    "precision_at_100": 0.01,
    "precision_at_1000": 0.001,
    "precision_at_20": 0.04924,
    "precision_at_3": 0.27946,
    "precision_at_5": 0.17778,
    "recall_at_1": 0.63889,
    "recall_at_10": 0.94697,
    "recall_at_100": 1.0,
    "recall_at_1000": 1.0,
    "recall_at_20": 0.98485,
    "recall_at_3": 0.83838,
    "recall_at_5": 0.88889
  }
}