{
  "dataset_revision": "f69691c650464e62546d7f2a4536f8f87c891e38",
  "mteb_dataset_name": "LegalBenchCorporateLobbying",
  "mteb_version": "1.8.1",
  "test": {
    "evaluation_time": 363.56,
    "map_at_1": 0.88824,
    "map_at_10": 0.93596,
    "map_at_100": 0.93601,
    "map_at_1000": 0.93603,
    "map_at_20": 0.93596,
    "map_at_3": 0.93284,
    "map_at_5": 0.93505,
    "mrr_at_1": 0.88824,
    "mrr_at_10": 0.93596,
    "mrr_at_100": 0.93601,
    "mrr_at_1000": 0.93603,
    "mrr_at_20": 0.93596,
    "mrr_at_3": 0.93284,
    "mrr_at_5": 0.93505,
    "ndcg_at_1": 0.88824,
    "ndcg_at_10": 0.95082,
    "ndcg_at_100": 0.95133,
    "ndcg_at_1000": 0.95173,
    "ndcg_at_20": 0.95082,
    "ndcg_at_3": 0.94499,
    "ndcg_at_5": 0.94879,
    "precision_at_1": 0.88824,
    "precision_at_10": 0.09941,
    "precision_at_100": 0.00997,
    "precision_at_1000": 0.001,
    "precision_at_20": 0.04971,
    "precision_at_3": 0.32647,
    "precision_at_5": 0.19765,
    "recall_at_1": 0.88824,
    "recall_at_10": 0.99412,
    "recall_at_100": 0.99706,
    "recall_at_1000": 1.0,
    "recall_at_20": 0.99412,
    "recall_at_3": 0.97941,
    "recall_at_5": 0.98824
  }
}