{
  "dataset_revision": "3bb1a05c66872889662af04c5691c14489cebd72",
  "mteb_dataset_name": "LegalSummarization",
  "mteb_version": "1.8.1",
  "test": {
    "evaluation_time": 380.13,
    "map_at_1": 0.52077,
    "map_at_10": 0.65371,
    "map_at_100": 0.66526,
    "map_at_1000": 0.66547,
    "map_at_20": 0.66118,
    "map_at_3": 0.61046,
    "map_at_5": 0.634,
    "mrr_at_1": 0.60211,
    "mrr_at_10": 0.70208,
    "mrr_at_100": 0.70619,
    "mrr_at_1000": 0.70624,
    "mrr_at_20": 0.70477,
    "mrr_at_3": 0.67899,
    "mrr_at_5": 0.69413,
    "ndcg_at_1": 0.60211,
    "ndcg_at_10": 0.71592,
    "ndcg_at_100": 0.75145,
    "ndcg_at_1000": 0.7541,
    "ndcg_at_20": 0.73326,
    "ndcg_at_3": 0.65833,
    "ndcg_at_5": 0.68679,
    "precision_at_1": 0.60211,
    "precision_at_10": 0.12007,
    "precision_at_100": 0.01511,
    "precision_at_1000": 0.00155,
    "precision_at_20": 0.06673,
    "precision_at_3": 0.28638,
    "precision_at_5": 0.20211,
    "recall_at_1": 0.52077,
    "recall_at_10": 0.84611,
    "recall_at_100": 0.98332,
    "recall_at_1000": 1.0,
    "recall_at_20": 0.90141,
    "recall_at_3": 0.69711,
    "recall_at_5": 0.76744
  }
}