{
  "dataset_revision": "69e8f12da6e31d59addadda9a9c8a2e601a0e282",
  "mteb_dataset_name": "Tatoeba_dan-eng",
  "mteb_version": "1.8.1",
  "test": {
    "dan-eng": {
      "accuracy": 0.972,
      "f1": 0.9642333333333334,
      "main_score": 0.9642333333333334,
      "precision": 0.9605833333333333,
      "recall": 0.972
    },
    "evaluation_time": 874.71
  }
}