{
  "dataset_revision": "69e8f12da6e31d59addadda9a9c8a2e601a0e282",
  "mteb_dataset_name": "Tatoeba_spa-eng",
  "mteb_version": "1.8.1",
  "test": {
    "evaluation_time": 855.18,
    "spa-eng": {
      "accuracy": 0.984,
      "f1": 0.9803333333333334,
      "main_score": 0.9803333333333334,
      "precision": 0.9785,
      "recall": 0.984
    }
  }
}