{
  "dataset_revision": "69e8f12da6e31d59addadda9a9c8a2e601a0e282",
  "mteb_dataset_name": "Tatoeba_fin-eng",
  "mteb_version": "1.8.1",
  "test": {
    "evaluation_time": 882.07,
    "fin-eng": {
      "accuracy": 0.981,
      "f1": 0.9776666666666667,
      "main_score": 0.9776666666666667,
      "precision": 0.976,
      "recall": 0.981
    }
  }
}