{
  "dataset_revision": "69e8f12da6e31d59addadda9a9c8a2e601a0e282",
  "mteb_dataset_name": "Tatoeba_pol-eng",
  "mteb_version": "1.8.1",
  "test": {
    "evaluation_time": 939.74,
    "pol-eng": {
      "accuracy": 0.983,
      "f1": 0.9773333333333333,
      "main_score": 0.9773333333333333,
      "precision": 0.9745,
      "recall": 0.983
    }
  }
}