{
  "dataset_revision": "69e8f12da6e31d59addadda9a9c8a2e601a0e282",
  "mteb_dataset_name": "Tatoeba_nno-eng",
  "mteb_version": "1.8.1",
  "test": {
    "evaluation_time": 915.23,
    "nno-eng": {
      "accuracy": 0.951,
      "f1": 0.9382484848484849,
      "main_score": 0.9382484848484849,
      "precision": 0.9327166666666667,
      "recall": 0.951
    }
  }
}