{
  "dataset_revision": "69e8f12da6e31d59addadda9a9c8a2e601a0e282",
  "mteb_dataset_name": "Tatoeba_nld-eng",
  "mteb_version": "1.8.1",
  "test": {
    "evaluation_time": 912.28,
    "nld-eng": {
      "accuracy": 0.979,
      "f1": 0.9726666666666667,
      "main_score": 0.9726666666666667,
      "precision": 0.9695,
      "recall": 0.979
    }
  }
}