{
  "dataset_revision": "69e8f12da6e31d59addadda9a9c8a2e601a0e282",
  "mteb_dataset_name": "Tatoeba_deu-eng",
  "mteb_version": "1.8.1",
  "test": {
    "deu-eng": {
      "accuracy": 0.995,
      "f1": 0.9937333333333334,
      "main_score": 0.9937333333333334,
      "precision": 0.99325,
      "recall": 0.995
    },
    "evaluation_time": 854.36
  }
}