{
  "dataset_revision": "3bb1a05c66872889662af04c5691c14489cebd72",
  "mteb_dataset_name": "LegalSummarization",
  "mteb_version": "1.8.1",
  "test": {
    "evaluation_time": 67.46,
    "map_at_1": 0.4665,
    "map_at_10": 0.60405,
    "map_at_100": 0.61706,
    "map_at_1000": 0.61727,
    "map_at_20": 0.61209,
    "map_at_3": 0.56394,
    "map_at_5": 0.58052,
    "mrr_at_1": 0.53873,
    "mrr_at_10": 0.65263,
    "mrr_at_100": 0.65765,
    "mrr_at_1000": 0.6577,
    "mrr_at_20": 0.65547,
    "mrr_at_3": 0.62676,
    "mrr_at_5": 0.64014,
    "ndcg_at_1": 0.53873,
    "ndcg_at_10": 0.67238,
    "ndcg_at_100": 0.71387,
    "ndcg_at_1000": 0.71667,
    "ndcg_at_20": 0.69094,
    "ndcg_at_3": 0.61386,
    "ndcg_at_5": 0.63374,
    "precision_at_1": 0.53873,
    "precision_at_10": 0.11549,
    "precision_at_100": 0.01511,
    "precision_at_1000": 0.00155,
    "precision_at_20": 0.06514,
    "precision_at_3": 0.277,
    "precision_at_5": 0.18803,
    "recall_at_1": 0.4665,
    "recall_at_10": 0.82134,
    "recall_at_100": 0.98186,
    "recall_at_1000": 1.0,
    "recall_at_20": 0.88052,
    "recall_at_3": 0.65938,
    "recall_at_5": 0.71427
  }
}