{
  "dataset_revision": "f69691c650464e62546d7f2a4536f8f87c891e38",
  "mteb_dataset_name": "LegalBenchCorporateLobbying",
  "mteb_version": "1.8.1",
  "test": {
    "evaluation_time": 44.93,
    "map_at_1": 0.9,
    "map_at_10": 0.94029,
    "map_at_100": 0.94043,
    "map_at_1000": 0.94046,
    "map_at_20": 0.94029,
    "map_at_3": 0.93676,
    "map_at_5": 0.94029,
    "mrr_at_1": 0.9,
    "mrr_at_10": 0.94029,
    "mrr_at_100": 0.94043,
    "mrr_at_1000": 0.94046,
    "mrr_at_20": 0.94029,
    "mrr_at_3": 0.93676,
    "mrr_at_5": 0.94029,
    "ndcg_at_1": 0.9,
    "ndcg_at_10": 0.9533,
    "ndcg_at_100": 0.95396,
    "ndcg_at_1000": 0.9547,
    "ndcg_at_20": 0.9533,
    "ndcg_at_3": 0.94709,
    "ndcg_at_5": 0.9533,
    "precision_at_1": 0.9,
    "precision_at_10": 0.09912,
    "precision_at_100": 0.00994,
    "precision_at_1000": 0.001,
    "precision_at_20": 0.04956,
    "precision_at_3": 0.32549,
    "precision_at_5": 0.19824,
    "recall_at_1": 0.9,
    "recall_at_10": 0.99118,
    "recall_at_100": 0.99412,
    "recall_at_1000": 1.0,
    "recall_at_20": 0.99118,
    "recall_at_3": 0.97647,
    "recall_at_5": 0.99118
  }
}