{
  "dataset_revision": "b23590301ec94e8087e2850b21d43d4956b1cca9",
  "mteb_dataset_name": "LegalBenchConsumerContractsQA",
  "mteb_version": "1.8.1",
  "test": {
    "evaluation_time": 16.33,
    "map_at_1": 0.69192,
    "map_at_10": 0.79192,
    "map_at_100": 0.79435,
    "map_at_1000": 0.79438,
    "map_at_20": 0.79379,
    "map_at_3": 0.78072,
    "map_at_5": 0.78767,
    "mrr_at_1": 0.69192,
    "mrr_at_10": 0.79192,
    "mrr_at_100": 0.79435,
    "mrr_at_1000": 0.79438,
    "mrr_at_20": 0.79379,
    "mrr_at_3": 0.78072,
    "mrr_at_5": 0.78767,
    "ndcg_at_1": 0.69192,
    "ndcg_at_10": 0.83216,
    "ndcg_at_100": 0.84222,
    "ndcg_at_1000": 0.84259,
    "ndcg_at_20": 0.8387,
    "ndcg_at_3": 0.80919,
    "ndcg_at_5": 0.82169,
    "precision_at_1": 0.69192,
    "precision_at_10": 0.09545,
    "precision_at_100": 0.00997,
    "precision_at_1000": 0.001,
    "precision_at_20": 0.04899,
    "precision_at_3": 0.29714,
    "precision_at_5": 0.18434,
    "recall_at_1": 0.69192,
    "recall_at_10": 0.95455,
    "recall_at_100": 0.99747,
    "recall_at_1000": 1.0,
    "recall_at_20": 0.9798,
    "recall_at_3": 0.89141,
    "recall_at_5": 0.92172
  }
}