{
  "dataset_revision": "69e8f12da6e31d59addadda9a9c8a2e601a0e282",
  "mteb_dataset_name": "Tatoeba_fra-eng",
  "mteb_version": "1.8.1",
  "test": {
    "evaluation_time": 150.45,
    "fra-eng": {
      "accuracy": 0.94,
      "f1": 0.9225666666666666,
      "main_score": 0.9225666666666666,
      "precision": 0.91425,
      "recall": 0.94
    }
  }
}