{
  "dataset_revision": "69e8f12da6e31d59addadda9a9c8a2e601a0e282",
  "mteb_dataset_name": "Tatoeba_deu-eng",
  "mteb_version": "1.8.1",
  "test": {
    "deu-eng": {
      "accuracy": 0.981,
      "f1": 0.9748333333333333,
      "main_score": 0.9748333333333333,
      "precision": 0.9718333333333332,
      "recall": 0.981
    },
    "evaluation_time": 157.72
  }
}