{
  "dataset_revision": "69e8f12da6e31d59addadda9a9c8a2e601a0e282",
  "mteb_dataset_name": "Tatoeba_nno-eng",
  "mteb_version": "1.8.1",
  "test": {
    "evaluation_time": 145.97,
    "nno-eng": {
      "accuracy": 0.779,
      "f1": 0.7360419047619048,
      "main_score": 0.7360419047619048,
      "precision": 0.7185249999999999,
      "recall": 0.779
    }
  }
}