{
  "dataset_revision": "69e8f12da6e31d59addadda9a9c8a2e601a0e282",
  "mteb_dataset_name": "Tatoeba_por-eng",
  "mteb_version": "1.8.1",
  "test": {
    "evaluation_time": 141.94,
    "por-eng": {
      "accuracy": 0.931,
      "f1": 0.9150666666666666,
      "main_score": 0.9150666666666666,
      "precision": 0.9074166666666668,
      "recall": 0.931
    }
  }
}