{
  "dataset_revision": "69e8f12da6e31d59addadda9a9c8a2e601a0e282",
  "mteb_dataset_name": "Tatoeba_nld-eng",
  "mteb_version": "1.8.1",
  "test": {
    "evaluation_time": 151.46,
    "nld-eng": {
      "accuracy": 0.943,
      "f1": 0.9265666666666666,
      "main_score": 0.9265666666666666,
      "precision": 0.9189166666666667,
      "recall": 0.943
    }
  }
}