{
  "dataset_revision": "69e8f12da6e31d59addadda9a9c8a2e601a0e282",
  "mteb_dataset_name": "Tatoeba_swe-eng",
  "mteb_version": "1.8.1",
  "test": {
    "evaluation_time": 175.19,
    "swe-eng": {
      "accuracy": 0.905,
      "f1": 0.8797333333333334,
      "main_score": 0.8797333333333334,
      "precision": 0.8680833333333333,
      "recall": 0.905
    }
  }
}