{
  "dataset_revision": "69e8f12da6e31d59addadda9a9c8a2e601a0e282",
  "mteb_dataset_name": "Tatoeba_fin-eng",
  "mteb_version": "1.8.1",
  "test": {
    "evaluation_time": 239.04,
    "fin-eng": {
      "accuracy": 0.692,
      "f1": 0.6409284493284494,
      "main_score": 0.6409284493284494,
      "precision": 0.6217016233766234,
      "recall": 0.692
    }
  }
}