{
  "dataset_revision": "69e8f12da6e31d59addadda9a9c8a2e601a0e282",
  "mteb_dataset_name": "Tatoeba_dan-eng",
  "mteb_version": "1.8.1",
  "test": {
    "dan-eng": {
      "accuracy": 0.913,
      "f1": 0.8915333333333333,
      "main_score": 0.8915333333333333,
      "precision": 0.8819166666666668,
      "recall": 0.913
    },
    "evaluation_time": 206.83
  }
}