{
  "dataset_revision": "f69691c650464e62546d7f2a4536f8f87c891e38",
  "mteb_dataset_name": "LegalBenchCorporateLobbying",
  "mteb_version": "1.8.1",
  "test": {
    "evaluation_time": 257.3,
    "map_at_1": 0.87647,
    "map_at_10": 0.92592,
    "map_at_100": 0.92625,
    "map_at_1000": 0.92625,
    "map_at_20": 0.92609,
    "map_at_3": 0.92206,
    "map_at_5": 0.92412,
    "mrr_at_1": 0.87647,
    "mrr_at_10": 0.92592,
    "mrr_at_100": 0.92625,
    "mrr_at_1000": 0.92625,
    "mrr_at_20": 0.92609,
    "mrr_at_3": 0.92206,
    "mrr_at_5": 0.92412,
    "ndcg_at_1": 0.87647,
    "ndcg_at_10": 0.9424,
    "ndcg_at_100": 0.94421,
    "ndcg_at_1000": 0.94421,
    "ndcg_at_20": 0.9431,
    "ndcg_at_3": 0.9347,
    "ndcg_at_5": 0.93837,
    "precision_at_1": 0.87647,
    "precision_at_10": 0.09912,
    "precision_at_100": 0.01,
    "precision_at_1000": 0.001,
    "precision_at_20": 0.04971,
    "precision_at_3": 0.32353,
    "precision_at_5": 0.19588,
    "recall_at_1": 0.87647,
    "recall_at_10": 0.99118,
    "recall_at_100": 1.0,
    "recall_at_1000": 1.0,
    "recall_at_20": 0.99412,
    "recall_at_3": 0.97059,
    "recall_at_5": 0.97941
  }
}