{
  "dataset_revision": "3bb1a05c66872889662af04c5691c14489cebd72",
  "mteb_dataset_name": "LegalSummarization",
  "mteb_version": "1.8.1",
  "test": {
    "evaluation_time": 283.68,
    "map_at_1": 0.50484,
    "map_at_10": 0.63222,
    "map_at_100": 0.64421,
    "map_at_1000": 0.64448,
    "map_at_20": 0.63895,
    "map_at_3": 0.59013,
    "map_at_5": 0.61143,
    "mrr_at_1": 0.58099,
    "mrr_at_10": 0.68297,
    "mrr_at_100": 0.6884,
    "mrr_at_1000": 0.68851,
    "mrr_at_20": 0.68704,
    "mrr_at_3": 0.66315,
    "mrr_at_5": 0.67441,
    "ndcg_at_1": 0.58099,
    "ndcg_at_10": 0.6954,
    "ndcg_at_100": 0.73372,
    "ndcg_at_1000": 0.73769,
    "ndcg_at_20": 0.71381,
    "ndcg_at_3": 0.63747,
    "ndcg_at_5": 0.66258,
    "precision_at_1": 0.58099,
    "precision_at_10": 0.11655,
    "precision_at_100": 0.015,
    "precision_at_1000": 0.00155,
    "precision_at_20": 0.06496,
    "precision_at_3": 0.27934,
    "precision_at_5": 0.19296,
    "recall_at_1": 0.50484,
    "recall_at_10": 0.82987,
    "recall_at_100": 0.97322,
    "recall_at_1000": 1.0,
    "recall_at_20": 0.89064,
    "recall_at_3": 0.67384,
    "recall_at_5": 0.73794
  }
}