{
  "dataset_revision": "b23590301ec94e8087e2850b21d43d4956b1cca9",
  "mteb_dataset_name": "LegalBenchConsumerContractsQA",
  "mteb_version": "1.8.1",
  "test": {
    "evaluation_time": 214.5,
    "map_at_1": 0.63636,
    "map_at_10": 0.7393,
    "map_at_100": 0.74208,
    "map_at_1000": 0.74208,
    "map_at_20": 0.7412,
    "map_at_3": 0.71549,
    "map_at_5": 0.7319,
    "mrr_at_1": 0.63636,
    "mrr_at_10": 0.7393,
    "mrr_at_100": 0.74208,
    "mrr_at_1000": 0.74208,
    "mrr_at_20": 0.7412,
    "mrr_at_3": 0.71549,
    "mrr_at_5": 0.7319,
    "ndcg_at_1": 0.63636,
    "ndcg_at_10": 0.78917,
    "ndcg_at_100": 0.80164,
    "ndcg_at_1000": 0.80164,
    "ndcg_at_20": 0.79616,
    "ndcg_at_3": 0.74182,
    "ndcg_at_5": 0.7717,
    "precision_at_1": 0.63636,
    "precision_at_10": 0.09444,
    "precision_at_100": 0.01,
    "precision_at_1000": 0.001,
    "precision_at_20": 0.04861,
    "precision_at_3": 0.27273,
    "precision_at_5": 0.17828,
    "recall_at_1": 0.63636,
    "recall_at_10": 0.94444,
    "recall_at_100": 1.0,
    "recall_at_1000": 1.0,
    "recall_at_20": 0.97222,
    "recall_at_3": 0.81818,
    "recall_at_5": 0.89141
  }
}