{
  "dataset_revision": "69e8f12da6e31d59addadda9a9c8a2e601a0e282",
  "mteb_dataset_name": "Tatoeba_swe-eng",
  "mteb_version": "1.8.1",
  "test": {
    "evaluation_time": 633.71,
    "swe-eng": {
      "accuracy": 0.936,
      "f1": 0.9198333333333333,
      "main_score": 0.9198333333333333,
      "precision": 0.9122,
      "recall": 0.936
    }
  }
}