{
  "dataset_revision": "69e8f12da6e31d59addadda9a9c8a2e601a0e282",
  "mteb_dataset_name": "Tatoeba_nno-eng",
  "mteb_version": "1.8.1",
  "test": {
    "evaluation_time": 811.84,
    "nno-eng": {
      "accuracy": 0.887,
      "f1": 0.8630961038961039,
      "main_score": 0.8630961038961039,
      "precision": 0.8532666666666666,
      "recall": 0.887
    }
  }
}